Team,Year,Playoffs
Phoenix Suns,2021,1
New Orleans Pelicans,2021,1
Golden State Warriors,2021,1
Dallas Mavericks,2021,1
Utah Jazz,2021,1
Denver Nuggets,2021,1
Memphis Grizzlies,2021,1
Minnesota Timberwolves,2021,1
Miami Heat,2021,1
Boston Celtics,2021,1
Philadelphia 76ers,2021,1
Brooklyn Nets,2021,1
Atlanta Hawks,2021,1
Toronto Raptors,2021,1
Milwaukee Bucks,2021,1
Chicago Bulls,2021,1
Milwaukee Bucks,2020,1
Los Angeles Clippers,2020,1
Miami Heat,2020,1
Dallas Mavericks,2020,1
Brooklyn Nets,2020,1
Boston Celtics,2020,1
Denver Nuggets,2020,1
Portland Trail Blazers,2020,1
Philadelphia 76ers,2020,1
Washington Wizards,2020,1
Utah Jazz,2020,1
Memphis Grizzlies,2020,1
Atlanta Hawks,2020,1
New York Knicks,2020,1
Phoenix Suns,2020,1
Los Angeles Lakers,2020,1
Milwaukee Bucks,2019,1
Orlando Magic,2019,1
Toronto Raptors,2019,1
Brooklyn Nets,2019,1
Boston Celtics,2019,1
Philadelphia 76ers,2019,1
Miami Heat,2019,1
Indiana Pacers,2019,1
Los Angeles Lakers,2019,1
Portland Trail Blazers,2019,1
Los Angeles Clippers,2019,1
Dallas Mavericks,2019,1
Denver Nuggets,2019,1
Utah Jazz,2019,1
Houston Rockets,2019,1
Oklahoma City Thunder,2019,1
Milwaukee Bucks,2018,1
Detroit Pistons,2018,1
Toronto Raptors,2018,1
Orlando Magic,2018,1
Philadelphia 76ers,2018,1
Brooklyn Nets,2018,1
Boston Celtics,2018,1
Indiana Pacers,2018,1
Golden State Warriors,2018,1
Los Angeles Clippers,2018,1
Denver Nuggets,2018,1
San Antonio Spurs,2018,1
Portland Trail Blazers,2018,1
Oklahoma City Thunder,2018,1
Houston Rockets,2018,1
Utah Jazz,2018,1
Toronto Raptors,2017,1
Washington Wizards,2017,1
Boston Celtics,2017,1
Milwaukee Bucks,2017,1
Philadelphia 76ers,2017,1
Miami Heat,2017,1
Cleveland Cavaliers,2017,1
Indiana Pacers,2017,1
Houston Rockets,2017,1
Minnesota Timberwolves,2017,1
Golden State Warriors,2017,1
San Antonio Spurs,2017,1
New Orleans Pelicans,2017,1
Portland Trail Blazers,2017,1
Utah Jazz,2017,1
Oklahoma City Thunder,2017,1
Boston Celtics,2016,1
Chicago Bulls,2016,1
Cleveland Cavaliers,2016,1
Indiana Pacers,2016,1
Toronto Raptors,2016,1
Milwaukee Bucks,2016,1
Washington Wizards,2016,1
Atlanta Hawks,2016,1
Golden State Warriors,2016,1
Portland Trail Blazers,2016,1
San Antonio Spurs,2016,1
Memphis Grizzlies,2016,1
Houston Rockets,2016,1
Oklahoma City Thunder,2016,1
Utah Jazz,2016,1
Los Angeles Clippers,2016,1
Cleveland Cavaliers,2015,1
Detroit Pistons,2015,1
Toronto Raptors,2015,1
Indiana Pacers,2015,1
Miami Heat,2015,1
Charlotte Hornets,2015,1
Atlanta Hawks,2015,1
Boston Celtics,2015,1
Golden State Warriors,2015,1
Houston Rockets,2015,1
San Antonio Spurs,2015,1
Memphis Grizzlies,2015,1
Oklahoma City Thunder,2015,1
Dallas Mavericks,2015,1
Portland Trail Blazers,2015,1
Los Angeles Clippers,2015,1
Atlanta Hawks,2014,1
Brooklyn Nets,2014,1
Cleveland Cavaliers,2014,1
Boston Celtics,2014,1
Chicago Bulls,2014,1
Milwaukee Bucks,2014,1
Washington Wizards,2014,1
Toronto Raptors,2014,1
Golden State Warriors,2014,1
New Orleans Pelicans,2014,1
Houston Rockets,2014,1
Dallas Mavericks,2014,1
Los Angeles Clippers,2014,1
San Antonio Spurs,2014,1
Memphis Grizzlies,2014,1
Portland Trail Blazers,2014,1
Indiana Pacers,2013,1
Atlanta Hawks,2013,1
Miami Heat,2013,1
Charlotte Hornets,2013,1
Brooklyn Nets,2013,1
Toronto Raptors,2013,1
Washington Wizards,2013,1
Chicago Bulls,2013,1
San Antonio Spurs,2013,1
Dallas Mavericks,2013,1
Oklahoma City Thunder,2013,1
Memphis Grizzlies,2013,1
Los Angeles Clippers,2013,1
Golden State Warriors,2013,1
Portland Trail Blazers,2013,1
Houston Rockets,2013,1
Miami Heat,2012,1
Milwaukee Bucks,2012,1
New York Knicks,2012,1
Boston Celtics,2012,1
Indiana Pacers,2012,1
Atlanta Hawks,2012,1
Chicago Bulls,2012,1
Brooklyn Nets,2012,1
Oklahoma City Thunder,2012,1
Houston Rockets,2012,1
San Antonio Spurs,2012,1
Los Angeles Lakers,2012,1
Golden State Warriors,2012,1
Denver Nuggets,2012,1
Memphis Grizzlies,2012,1
Los Angeles Clippers,2012,1
Philadelphia 76ers,2011,1
Chicago Bulls,2011,1
Miami Heat,2011,1
New York Knicks,2011,1
Indiana Pacers,2011,1
Orlando Magic,2011,1
Boston Celtics,2011,1
Atlanta Hawks,2011,1
San Antonio Spurs,2011,1
Utah Jazz,2011,1
Oklahoma City Thunder,2011,1
Dallas Mavericks,2011,1
Los Angeles Lakers,2011,1
Denver Nuggets,2011,1
Los Angeles Clippers,2011,1
Memphis Grizzlies,2011,1
Chicago Bulls,2010,1
Indiana Pacers,2010,1
Miami Heat,2010,1
Philadelphia 76ers,2010,1
Boston Celtics,2010,1
New York Knicks,2010,1
Atlanta Hawks,2010,1
Orlando Magic,2010,1
Memphis Grizzlies,2010,1
San Antonio Spurs,2010,1
Los Angeles Lakers,2010,1
New Orleans Hornets,2010,1
Dallas Mavericks,2010,1
Portland Trail Blazers,2010,1
Oklahoma City Thunder,2010,1
Denver Nuggets,2010,1
Cleveland Cavaliers,2009,1
Chicago Bulls,2009,1
Orlando Magic,2009,1
Charlotte Bobcats,2009,1
Atlanta Hawks,2009,1
Milwaukee Bucks,2009,1
Boston Celtics,2009,1
Miami Heat,2009,1
Los Angeles Lakers,2009,1
Oklahoma City Thunder,2009,1
San Antonio Spurs,2009,1
Dallas Mavericks,2009,1
Phoenix Suns,2009,1
Portland Trail Blazers,2009,1
Utah Jazz,2009,1
Denver Nuggets,2009,1
Cleveland Cavaliers,2008,1
Detroit Pistons,2008,1
Boston Celtics,2008,1
Chicago Bulls,2008,1
Orlando Magic,2008,1
Philadelphia 76ers,2008,1
Atlanta Hawks,2008,1
Miami Heat,2008,1
Los Angeles Lakers,2008,1
Utah Jazz,2008,1
Denver Nuggets,2008,1
New Orleans Hornets,2008,1
Dallas Mavericks,2008,1
San Antonio Spurs,2008,1
Houston Rockets,2008,1
Portland Trail Blazers,2008,1
Boston Celtics,2007,1
Atlanta Hawks,2007,1
Detroit Pistons,2007,1
Philadelphia 76ers,2007,1
Orlando Magic,2007,1
Toronto Raptors,2007,1
Cleveland Cavaliers,2007,1
Washington Wizards,2007,1
Los Angeles Lakers,2007,1
Denver Nuggets,2007,1
New Orleans Hornets,2007,1
Dallas Mavericks,2007,1
San Antonio Spurs,2007,1
Phoenix Suns,2007,1
Utah Jazz,2007,1
Houston Rockets,2007,1
Chicago Bulls,2006,1
Miami Heat,2006,1
Cleveland Cavaliers,2006,1
Washington Wizards,2006,1
Detroit Pistons,2006,1
Orlando Magic,2006,1
New Jersey Nets,2006,1
Toronto Raptors,2006,1
Golden State Warriors,2006,1
Dallas Mavericks,2006,1
Phoenix Suns,2006,1
Los Angeles Lakers,2006,1
San Antonio Spurs,2006,1
Denver Nuggets,2006,1
Utah Jazz,2006,1
Houston Rockets,2006,1
Cleveland Cavaliers,2005,1
Washington Wizards,2005,1
Detroit Pistons,2005,1
Milwaukee Bucks,2005,1
Miami Heat,2005,1
Chicago Bulls,2005,1
New Jersey Nets,2005,1
Indiana Pacers,2005,1
Dallas Mavericks,2005,1
Memphis Grizzlies,2005,1
Los Angeles Clippers,2005,1
Denver Nuggets,2005,1
Phoenix Suns,2005,1
Los Angeles Lakers,2005,1
San Antonio Spurs,2005,1
Sacramento Kings,2005,1
Detroit Pistons,2004,1
Philadelphia 76ers,2004,1
Indiana Pacers,2004,1
Boston Celtics,2004,1
Miami Heat,2004,1
New Jersey Nets,2004,1
Washington Wizards,2004,1
Chicago Bulls,2004,1
Dallas Mavericks,2004,1
Houston Rockets,2004,1
Phoenix Suns,2004,1
Memphis Grizzlies,2004,1
San Antonio Spurs,2004,1
Denver Nuggets,2004,1
Seattle SuperSonics,2004,1
Sacramento Kings,2004,1